"Sensitivity","Specificity","Pos Pred Value","Neg Pred Value","Precision","Recall","F1","Prevalence","Detection Rate","Detection Prevalence","Balanced Accuracy"
0.758687258687259,0.812935323383085,0.676419965576592,0.867303609341826,0.676419965576592,0.758687258687259,0.715195632393085,0.340118187787262,0.258043335521996,0.381483913328956,0.785811291035172
0.633802816901408,0.986914600550964,0.703124999999999,0.982179575051405,0.703125,0.633802816901408,0.666666666666667,0.046618516086671,0.0295469468154957,0.0420223243598161,0.810358708726186
0.503937007874016,0.933806146572104,0.60377358490566,0.903890160183066,0.60377358490566,0.503937007874016,0.549356223175966,0.16677609980302,0.0840446487196323,0.139198949441891,0.71887157722306
0.721014492753623,0.798146240988671,0.67003367003367,0.834230355220667,0.67003367003367,0.721014492753623,0.694589877835951,0.362442547603414,0.261326329612607,0.390019697964544,0.759580366871147
0.916666666666667,1,1,0.997295469912103,1,0.916666666666667,0.956521739130435,0.0315167432698621,0.0288903479973736,0.0288903479973736,0.958333333333333
0.338983050847458,0.99931693989071,0.95238095238095,0.974034620505992,0.952380952380952,0.338983050847458,0.5,0.0387393302692055,0.0131319763624425,0.0137885751805647,0.669149995369084
0.142857142857143,0.997336884154461,0.428571428571432,0.988126649076517,0.428571428571429,0.142857142857143,0.214285714285714,0.0137885751805647,0.00196979645436638,0.00459619172685489,0.570097013505802
