"Sensitivity","Specificity","Pos Pred Value","Neg Pred Value","Precision","Recall","F1","Prevalence","Detection Rate","Detection Prevalence","Balanced Accuracy"
0.573033707865168,0.890359168241966,0.725118483412322,0.805128205128205,0.725118483412322,0.573033707865168,0.640167364016736,0.335427135678392,0.192211055276382,0.265075376884422,0.731696438053567
0.518518518518518,0.984210526315789,0.608695652173912,0.977351916376307,0.608695652173913,0.518518518518518,0.56,0.0452261306532663,0.0234505862646566,0.0385259631490787,0.751364522417154
0.672727272727273,0.780329505741388,0.370529327610873,0.925399644760213,0.370529327610873,0.672727272727273,0.477859778597786,0.161222780569514,0.108458961474037,0.292713567839196,0.72652838923433
0.627099664053751,0.806020066889632,0.658823529411765,0.783485045513654,0.658823529411765,0.627099664053751,0.642570281124498,0.373953098827471,0.234505862646566,0.355946398659967,0.716559865471692
1,0.997827975673328,0.945054945054946,1,0.945054945054945,1,0.971751412429379,0.0360134003350084,0.0360134003350084,0.038107202680067,0.998913987836664
0.125,0.998260869565217,0.733333333333337,0.967551622418879,0.733333333333333,0.125,0.213592233009709,0.0368509212730318,0.00460636515912898,0.00628140703517588,0.561630434782609
0.185185185185185,0.998729351969504,0.624999999999993,0.990756302521008,0.625,0.185185185185185,0.285714285714286,0.0113065326633166,0.00209380234505863,0.0033500837520938,0.591957268577345
