"Sensitivity","Specificity","Pos Pred Value","Neg Pred Value","Precision","Recall","F1","Prevalence","Detection Rate","Detection Prevalence","Balanced Accuracy"
0.824847250509165,0.83912037037037,0.897341211225997,0.737538148524924,0.897341211225997,0.824847250509165,0.859568447117085,0.630295250320924,0.5198973042362,0.579375267436885,0.831983810439768
0.830357142857143,0.835801674179008,0.718543046357616,0.907058001397624,0.718543046357616,0.830357142857143,0.770414201183432,0.335472828412495,0.278562259306804,0.387676508344031,0.833079408518076
0.9,0.997784669915817,0.935064935064936,0.99646017699115,0.935064935064935,0.9,0.917197452229299,0.0342319212665811,0.030808729139923,0.0329482242190843,0.948892334957909
