"class","producer_acc"
1,0.842357088894485
2,0.950405106800884
3,0.875153600393217
4,0.860631475086335
5,0.967380224260958
6,0.736235595390525
7,0.967825635703165
