"Sensitivity","Specificity","Pos Pred Value","Neg Pred Value","Precision","Recall","F1","Prevalence","Detection Rate","Detection Prevalence","Balanced Accuracy"
0.931829830855971,0.88166144200627,0.800528401585205,0.962086659064994,0.800528401585205,0.931829830855971,0.86120322122217,0.337601661187057,0.31458729884063,0.392974563073196,0.90674563643112
0.690196078431373,0.982259232440261,0.642335766423358,0.985649409627611,0.642335766423358,0.690196078431373,0.665406427221172,0.0441252811905174,0.0304550960373767,0.0474130472400069,0.836227655435817
0.752609603340292,0.933001451980917,0.690613026819923,0.949947201689546,0.690613026819923,0.752609603340292,0.72027972027972,0.16577262502163,0.124762069562208,0.18065409240353,0.842805527660605
0.724301279014685,0.944656488549618,0.882794457274827,0.856189770200148,0.882794457274827,0.724301279014685,0.795732500650533,0.365288112130126,0.26457864682471,0.29970583145873,0.834478883782152
0.980099502487562,0.995697382574399,0.891402714932127,0.999280316660669,0.891402714932127,0.980099502487562,0.933649289099526,0.0347811039972314,0.0340889427236546,0.0382419103651151,0.987898442530981
0.690582959641256,0.994600431965443,0.836956521739131,0.987667560321716,0.83695652173913,0.690582959641256,0.756756756756757,0.0385879910019034,0.0266482090327046,0.0318394185845302,0.842591695803349
0.5375,0.998245306194069,0.811320754716982,0.993538246594481,0.811320754716981,0.5375,0.646616541353383,0.0138432254715349,0.00744073369094999,0.00917113687489185,0.767872653097035
